-- Наполнение таблицы products
insert into products (products_id, name)
values (1, 'Молоко'),
       (2, 'Сыр'),
       (3, 'Колбаса'),
       (4, 'Кефир'),
       (5, 'Хлеб');

-- Наполнение таблицы goods
insert into goods (goods_id, product_id, price, expiration_date)
values (1, 1, 100, '2024-12-31'),
       (2, 1, 150, '2024-12-15'),
       (3, 1, 125, '2024-12-18'),
       (4, 1, 100, '2024-11-30'),
       (5, 2, 200, '2024-12-25'),
       (6, 2, 180, '2024-11-25'),
       (7, 2, 360, '2024-10-25'),
       (8, 3, 200, '2024-12-25'),
       (9, 3, 180, '2024-11-25'),
       (10, 3, 350, '2024-11-29'),
       (11, 3, 200, '2024-12-26'),
       (12, 4, 180, '2024-12-18'),
       (13, 4, 350, '2024-12-11'),
       (14, 5, 240, '2024-11-25')
;


-- Наполнение таблицы customers
insert into customers (customers_id, last_name, first_name, patronymic, age)
values (1, 'Ivanov', 'Sergej', 'Petrovich', 31),
       (2, 'Ustinov', 'Oleg', 'Viktorovich', 40),
       (3, 'Kim', 'Dmitrij', 'Konstantinovich', 29),
       (4, 'Markova', 'Ekaterina', 'Andreevna', 25),
       (5, 'Sidorov', 'Aleksej', 'Andreevich', 14),
       (6, 'Akopjan', 'Vasilij', 'Ilich ', 70),
       (7, 'Ivanov', 'Aleksej', 'Viktorovich', 16),
       (8, 'Ustinov', 'Dmitrij', 'Petrovich', 30);
;

-- Наполнение таблицы purchases
insert into purchases (good_id, customer_id, purchase_date)
values (10, 6, '2024-12-19'),
       (8, 5, '2024-12-06'),
       (3, 8, '2024-12-19'),
       (11, 1, '2024-12-31'),
       (3, 2, '2024-12-01'),
       (10, 2, '2024-12-11'),
       (6, 7, '2024-12-07'),
       (3, 4, '2024-12-24'),
       (9, 2, '2024-12-11'),
       (7, 5, '2024-12-02'),
       (12, 6, '2024-12-14'),
       (4, 3, '2024-12-29'),
       (7, 2, '2024-12-05'),
       (11, 2, '2024-12-01'),
       (3, 8, '2024-12-21'),
       (5, 2, '2024-12-31'),
       (6, 6, '2024-12-09'),
       (3, 6, '2024-12-06'),
       (7, 6, '2024-12-06'),
       (14, 8, '2024-12-14'),
       (10, 4, '2024-12-24'),
       (13, 7, '2024-12-05'),
       (5, 1, '2024-12-22'),
       (6, 8, '2024-12-11'),
       (9, 2, '2024-12-08'),
       (3, 2, '2024-12-13'),
       (8, 7, '2024-12-03'),
       (13, 7, '2024-12-12'),
       (13, 8, '2024-12-14'),
       (6, 4, '2024-12-11')
;