-- Заполнение отделов
insert into departments (name)
values ('Локомотивный'),
       ('Диспетчерский'),
       ('Ремонтный'),
       ('Кассиры'),
       ('Служба подготовки'),
       ('Справочная'),
       ('Администрация'),
       ('Складское хозяйство'),
       ('Техническое обеспечение'),
       ('Охрана');

-- Заполнение бригад
insert into brigades (department_id)
values (1),
       (1),
       (2),
       (3),
       (3),
       (4),
       (5),
       (6),
       (7),
       (8),
       (9),
       (10),
       (1),
       (3),
       (5),
       (7),
       (null);

-- Заполнение сотрудников
insert into employees (name, position, department_id, brigade_id, medical_check_date)
values ('Иван Петров', 'Водитель', 1, 1, '2024-01-15'),
       ('Сергей Смирнов', 'Водитель', 1, 2, '2023-05-22'),
       ('Анна Иванова', 'Диспетчер', 2, 3, null),
       ('Петр Сидоров', 'Ремонтник локомотивов', 3, 4, null),
       ('Марина Козлова', 'Ремонтник путей', 3, 5, null),
       ('Ольга Дмитриева', 'Кассир', 4, 6, null),
       ('Александр Фролов', 'Работник службы подготовки', 5, 7, null),
       ('Дмитрий Тихонов', 'Справочная служба', 6, 8, null),
       ('Елена Соколова', 'Водитель', 1, null, '2024-02-10'),
       ('Василий Зайцев', 'Техник', 9, 9, null),
       ('Наталья Орлова', 'Администратор', 7, 10, null),
       ('Григорий Миронов', 'Кладовщик', 8, 11, null),
       ('Кирилл Волков', 'Охранник', 10, 12, null),
       ('Юлия Панина', 'Диспетчер', 2, 3, null),
       ('Олег Сидоренко', 'Водитель', 1, 1, '2023-08-14');

-- Заполнение локомотивов
insert into locomotives (model, last_inspection_date)
values ('ТЭМ2', '2024-01-20'),
       ('ЧС4Т', '2024-02-05'),
       ('2ТЭ10М', '2023-12-30'),
       ('ВЛ80С', '2024-01-15'),
       ('ЭП1М', '2023-11-18'),
       ('ТЭП70', '2024-02-08'),
       ('ЧМЭ3', '2023-10-22'),
       ('2ТЭ116', '2023-09-14'),
       ('ЭР9М', '2024-02-01'),
       ('ЭП2К', '2023-11-30');

-- Заполнение локомотивных бригад
insert into locomotive_brigades (locomotive_id, brigade_id)
values (1, 1),
       (2, 2),
       (3, null),
       (4, 1),
       (5, 2),
       (6, 1),
       (7, 3),
       (8, 4),
       (9, 5),
       (10, 6);

-- Заполнение техников
insert into technicians (employee_id)
values (4),
       (5),
       (10);

-- Заполнение обслуживания локомотивов
insert into locomotive_maintenance (locomotive_id, technician_id, maintenance_date, maintenance_type)
values (1, 1, '2024-01-25', 'Рейсовый осмотр'),
       (2, 2, '2024-02-07', 'Техническое обслуживание'),
       (3, null, '2024-02-15', 'Ремонт'),
       (4, 1, '2023-12-29', 'Плановый техосмотр'),
       (5, 3, '2024-01-10', 'Рейсовый осмотр'),
       (6, 2, '2024-02-12', 'Ремонт'),
       (7, 1, '2023-11-25', 'Техническое обслуживание');

-- Заполнение расписания
insert into schedules (train_type, train_number, departure_time, arrival_time, route, ticket_price)
values ('Скорый', '001А', '2024-02-20 08:00', '2024-02-20 18:30', 'Москва - Санкт-Петербург', 2500),
       ('Пассажирский', '132Б', '2024-02-21 10:15', '2024-02-21 23:50', 'Казань - Екатеринбург', 1800),
       ('Международный', '015М', '2024-02-22 06:45', '2024-02-22 20:10', 'Москва - Минск', 3200),
       ('Туристический', '024Т', '2024-02-23 12:00', '2024-02-23 18:00', 'Сочи - Адлер', 1500),
       ('Скорый', '045С', '2024-03-01 14:00', '2024-03-01 22:30', 'Новосибирск - Омск', 1900),
       ('Пассажирский', '077П', '2024-03-02 08:30', '2024-03-02 20:15', 'Тюмень - Челябинск', 1600);

-- Заполнение билетов
insert into tickets (schedule_id, passenger_name, status)
values (1, 'Алексей Никифоров', 'booked'),
       (2, 'Ирина Петрова', 'purchased'),
       (3, 'Николай Смирнов', 'returned'),
       (4, 'Екатерина Орлова', 'purchased'),
       (5, 'Артем Васильев', 'booked'),
       (6, 'Татьяна Козлова', 'purchased');

-- Заполнение багажа
insert into baggage (passenger_name, baggage_weight, schedule_id)
values ('Алексей Никифоров', 23.5, 1),
       ('Ирина Петрова', 10.0, 2),
       ('Николай Смирнов', 15.3, 3),
       ('Екатерина Орлова', 5.0, 4),
       ('Артем Васильев', 19.0, 5),
       ('Татьяна Козлова', 12.5, 6);

-- Заполнение задержек
insert into delays (schedule_id, reason, delay_time)
values (1, 'Непогода', '00:45:00'),
       (2, 'Опоздание состава', '01:30:00'),
       (3, 'Технические неисправности', '02:15:00'),
       (4, 'Работы на путях', '00:20:00');